著者,タイトル,URL
newta,見たいエンジニアの職務経歴書の書き方,https://qiita.com/newta/items/77eb14b1d67bc7ef1980
ihcamonoihS,gitで「あっやべっ！」ってときに使うコマンド[随時更新],https://qiita.com/ihcamonoihS/items/38e196651212c591dfe0
marogoma,slackで「投稿ルールが守られない問題」を自作のスラッシュコマンドで解決する(設定編),https://qiita.com/marogoma/items/e3003564c1b8b7b09e29
tomoyamachi,3分でできる！最高のDockerfileを書いたあとにやるべき1つのこと,https://qiita.com/tomoyamachi/items/2397457f5d516a1fbc85
kwatch,細かすぎて伝わりにくい、Pythonの本当の落とし穴10選＋α,https://qiita.com/kwatch/items/525b0f85812c7be7c74c
fromfpf,優れた開発者の習慣：Apple系ソフト開発者以外にもオススメのWWDC2019で発表されたセッション和訳,https://qiita.com/fromfpf/items/9d8e2e7edc68435cec06
maskot1977,ポケモンデータ解析.py,https://qiita.com/maskot1977/items/2680927b58cdc4fad8d4
funasaki,データベースにRDBを選択するときの注意事項について考える（追記あり）,https://qiita.com/funasaki/items/6cdc8f7f7b709e5e601f
204504bySE,自宅サーバーでTwitter連携サービスを運営してたら家宅捜索された件,https://qiita.com/204504bySE/items/1ffc94d1866d96da4793
fukubaka0825,「Pragmatic Terraform on AWS」が神本だったので紹介する,https://qiita.com/fukubaka0825/items/53cd168730815a33f51f
megumu-u,エンジニアが知っておきたい色についてのお話,https://qiita.com/megumu-u/items/554f3e9f8950ddddb03a
drken,DFS (深さ優先探索) 超入門！ 〜 グラフ・アルゴリズムの世界への入口 〜【前編】,https://qiita.com/drken/items/4a7869c5e304883f539b
atsushi586,運用・保守 インフラエンジニアの時によく使ってたLinuxコマンド,https://qiita.com/atsushi586/items/3854cf8534c2506e6e5e
ryuta69,1時間で出来る！最強のWordPress環境構築(永久無料),https://qiita.com/ryuta69/items/dbb0db5cf7099b7a7cc4
RHM,経験ゼロから始めるAI開発,https://qiita.com/RHM/items/c7cd161ce965f93c1b81
G4RDSjp,Nuxtで毎日やりたいことを習慣づけるWebアプリ「コツコツ忍者」を作った🏃‍♀️【個人開発】,https://qiita.com/G4RDSjp/items/12a48f8c3e146e3545b2
machiiyusuke,今日は何のゴミ出しの日かをLineに通知してくれるプログラムを作ってみた,https://qiita.com/machiiyusuke/items/80de903c624054b3002f
BURI55,ディープラーニング声質変換OSS「誰でも好きなキャラの声になれる」レポジトリ become-yukarinなどの関連記事等一覧,https://qiita.com/BURI55/items/e9fdf381087b363c1074
mejileben,【実録】WordPressサイトをAWS+Laravel+Nuxtにフルリプレイスした話（技術選定編）,https://qiita.com/mejileben/items/f68a50ec9164b261b9cd
yohhoy,C言語での変数宣言ってどこに書けるのさ？,https://qiita.com/yohhoy/items/2fba48ea927d58427de9
tabu_ichi2,小説家になろうを機械学習でデータ分析してブックマーク10以上を獲得しやすい条件を探す,https://qiita.com/tabu_ichi2/items/984e6b5dfbce6727778b
kazatsuyu,ブラウザはCSSのセレクタを右から読む、ほんまか？,https://qiita.com/kazatsuyu/items/b94733555f34f2645221
mahny_b,【Java】こんなログは嫌だ！,https://qiita.com/mahny_b/items/25f5a2bdfc8d51946ab2
Yametaro,【あるある】こんなコードは嫌だ【JavaScript】,https://qiita.com/Yametaro/items/6a7ab15e5b1764bdd383
knagauchi,クリーンアーキテクチャーでスマホアプリ開発した感想（勉強会用）,https://qiita.com/knagauchi/items/8c9fb93520b56fd3a564
gorilla0513,Vimで電車乗り換えルート検索,https://qiita.com/gorilla0513/items/cc9d4ec0811a4c6cdd83
Yametaro,ブラウザ君「ワイはCSSのセレクタを右から読むんや」,https://qiita.com/Yametaro/items/5c2d0267156ecc8562e4
Ouvill,Redux の記述量多すぎなので、 Redux の公式ツールでとことん楽をする。 ( Redux Starter Kit),https://qiita.com/Ouvill/items/a76e9cbce569d01f2931
syui,Vim or NeoVimを使っている人は、すぐにアップデートしましょう [CVE-2019-12735],https://qiita.com/syui/items/da358d56cb2faf6560c9
Yametaro,わざわざ学ばなくてもいい言語ランキング1位の「Elm」をわざわざ学んでみる,https://qiita.com/Yametaro/items/89dc2950ec0b7d949fce
